date,season,forecast_load,target_load,load_gap,underload_pct,top_segment_id,top_segment_name,top_3_segment_ids,top_3_segment_names,score_top,recommendation_reason,suggested_action
2025-10-31,autumn,293.2,545.8,252.6,46.3,5,Medical Treatment,"[5, 2, 1]","Medical Treatment, Weekday Adults, Weekend Getaway",0.9147,"Medical Treatment (C5): гости с лечебной мотивацией, самая длинная длительность (10+ ночей), высокий ценовой tier. Целевой для медицинских и оздоровительных программ.",Email медицинским партнёрам: осенний оздоровительный курс
2025-11-01,autumn,291.1,545.8,254.7,46.7,5,Medical Treatment,"[5, 2, 1]","Medical Treatment, Weekday Adults, Weekend Getaway",0.9147,"Medical Treatment (C5): гости с лечебной мотивацией, самая длинная длительность (10+ ночей), высокий ценовой tier. Целевой для медицинских и оздоровительных программ.",Email медицинским партнёрам: осенний оздоровительный курс
2025-11-02,autumn,280.2,545.8,265.6,48.7,5,Medical Treatment,"[5, 2, 1]","Medical Treatment, Weekday Adults, Weekend Getaway",0.9147,"Medical Treatment (C5): гости с лечебной мотивацией, самая длинная длительность (10+ ночей), высокий ценовой tier. Целевой для медицинских и оздоровительных программ.",Email медицинским партнёрам: осенний оздоровительный курс
2025-11-03,autumn,296.9,545.8,248.9,45.6,5,Medical Treatment,"[5, 2, 1]","Medical Treatment, Weekday Adults, Weekend Getaway",0.9147,"Medical Treatment (C5): гости с лечебной мотивацией, самая длинная длительность (10+ ночей), высокий ценовой tier. Целевой для медицинских и оздоровительных программ.",Email медицинским партнёрам: осенний оздоровительный курс
2025-11-04,autumn,338.4,545.8,207.4,38.0,5,Medical Treatment,"[5, 2, 1]","Medical Treatment, Weekday Adults, Weekend Getaway",0.9147,"Medical Treatment (C5): гости с лечебной мотивацией, самая длинная длительность (10+ ночей), высокий ценовой tier. Целевой для медицинских и оздоровительных программ.",Email медицинским партнёрам: осенний оздоровительный курс
2025-11-05,autumn,324.0,545.8,221.8,40.6,5,Medical Treatment,"[5, 2, 1]","Medical Treatment, Weekday Adults, Weekend Getaway",0.9147,"Medical Treatment (C5): гости с лечебной мотивацией, самая длинная длительность (10+ ночей), высокий ценовой tier. Целевой для медицинских и оздоровительных программ.",Email медицинским партнёрам: осенний оздоровительный курс
2025-11-06,autumn,329.1,545.8,216.7,39.7,5,Medical Treatment,"[5, 2, 1]","Medical Treatment, Weekday Adults, Weekend Getaway",0.9147,"Medical Treatment (C5): гости с лечебной мотивацией, самая длинная длительность (10+ ночей), высокий ценовой tier. Целевой для медицинских и оздоровительных программ.",Email медицинским партнёрам: осенний оздоровительный курс
2025-11-07,autumn,339.7,545.8,206.1,37.8,5,Medical Treatment,"[5, 2, 1]","Medical Treatment, Weekday Adults, Weekend Getaway",0.9147,"Medical Treatment (C5): гости с лечебной мотивацией, самая длинная длительность (10+ ночей), высокий ценовой tier. Целевой для медицинских и оздоровительных программ.",Email медицинским партнёрам: осенний оздоровительный курс
2025-11-08,autumn,342.8,545.8,203.0,37.2,5,Medical Treatment,"[5, 2, 1]","Medical Treatment, Weekday Adults, Weekend Getaway",0.9147,"Medical Treatment (C5): гости с лечебной мотивацией, самая длинная длительность (10+ ночей), высокий ценовой tier. Целевой для медицинских и оздоровительных программ.",Email медицинским партнёрам: осенний оздоровительный курс
2025-11-09,autumn,324.6,545.8,221.2,40.5,5,Medical Treatment,"[5, 2, 1]","Medical Treatment, Weekday Adults, Weekend Getaway",0.9147,"Medical Treatment (C5): гости с лечебной мотивацией, самая длинная длительность (10+ ночей), высокий ценовой tier. Целевой для медицинских и оздоровительных программ.",Email медицинским партнёрам: осенний оздоровительный курс
2025-11-10,autumn,338.7,545.8,207.1,37.9,5,Medical Treatment,"[5, 2, 1]","Medical Treatment, Weekday Adults, Weekend Getaway",0.9147,"Medical Treatment (C5): гости с лечебной мотивацией, самая длинная длительность (10+ ночей), высокий ценовой tier. Целевой для медицинских и оздоровительных программ.",Email медицинским партнёрам: осенний оздоровительный курс
2025-11-11,autumn,330.8,545.8,215.0,39.4,5,Medical Treatment,"[5, 2, 1]","Medical Treatment, Weekday Adults, Weekend Getaway",0.9147,"Medical Treatment (C5): гости с лечебной мотивацией, самая длинная длительность (10+ ночей), высокий ценовой tier. Целевой для медицинских и оздоровительных программ.",Email медицинским партнёрам: осенний оздоровительный курс
2025-11-12,autumn,320.4,545.8,225.4,41.3,5,Medical Treatment,"[5, 2, 1]","Medical Treatment, Weekday Adults, Weekend Getaway",0.9147,"Medical Treatment (C5): гости с лечебной мотивацией, самая длинная длительность (10+ ночей), высокий ценовой tier. Целевой для медицинских и оздоровительных программ.",Email медицинским партнёрам: осенний оздоровительный курс
2025-11-13,autumn,309.0,545.8,236.8,43.4,5,Medical Treatment,"[5, 2, 1]","Medical Treatment, Weekday Adults, Weekend Getaway",0.9147,"Medical Treatment (C5): гости с лечебной мотивацией, самая длинная длительность (10+ ночей), высокий ценовой tier. Целевой для медицинских и оздоровительных программ.",Email медицинским партнёрам: осенний оздоровительный курс
2025-11-14,autumn,309.1,545.8,236.7,43.4,5,Medical Treatment,"[5, 2, 1]","Medical Treatment, Weekday Adults, Weekend Getaway",0.9147,"Medical Treatment (C5): гости с лечебной мотивацией, самая длинная длительность (10+ ночей), высокий ценовой tier. Целевой для медицинских и оздоровительных программ.",Email медицинским партнёрам: осенний оздоровительный курс
2025-11-15,autumn,304.5,545.8,241.3,44.2,5,Medical Treatment,"[5, 2, 1]","Medical Treatment, Weekday Adults, Weekend Getaway",0.9147,"Medical Treatment (C5): гости с лечебной мотивацией, самая длинная длительность (10+ ночей), высокий ценовой tier. Целевой для медицинских и оздоровительных программ.",Email медицинским партнёрам: осенний оздоровительный курс
2025-11-16,autumn,282.9,545.8,262.9,48.2,5,Medical Treatment,"[5, 2, 1]","Medical Treatment, Weekday Adults, Weekend Getaway",0.9147,"Medical Treatment (C5): гости с лечебной мотивацией, самая длинная длительность (10+ ночей), высокий ценовой tier. Целевой для медицинских и оздоровительных программ.",Email медицинским партнёрам: осенний оздоровительный курс
2025-11-17,autumn,300.0,545.8,245.8,45.0,5,Medical Treatment,"[5, 2, 1]","Medical Treatment, Weekday Adults, Weekend Getaway",0.9147,"Medical Treatment (C5): гости с лечебной мотивацией, самая длинная длительность (10+ ночей), высокий ценовой tier. Целевой для медицинских и оздоровительных программ.",Email медицинским партнёрам: осенний оздоровительный курс
2025-11-18,autumn,301.0,545.8,244.8,44.9,5,Medical Treatment,"[5, 2, 1]","Medical Treatment, Weekday Adults, Weekend Getaway",0.9147,"Medical Treatment (C5): гости с лечебной мотивацией, самая длинная длительность (10+ ночей), высокий ценовой tier. Целевой для медицинских и оздоровительных программ.",Email медицинским партнёрам: осенний оздоровительный курс
2025-11-19,autumn,301.7,545.8,244.1,44.7,5,Medical Treatment,"[5, 2, 1]","Medical Treatment, Weekday Adults, Weekend Getaway",0.9147,"Medical Treatment (C5): гости с лечебной мотивацией, самая длинная длительность (10+ ночей), высокий ценовой tier. Целевой для медицинских и оздоровительных программ.",Email медицинским партнёрам: осенний оздоровительный курс
2025-11-20,autumn,298.8,545.8,247.0,45.3,5,Medical Treatment,"[5, 2, 1]","Medical Treatment, Weekday Adults, Weekend Getaway",0.9147,"Medical Treatment (C5): гости с лечебной мотивацией, самая длинная длительность (10+ ночей), высокий ценовой tier. Целевой для медицинских и оздоровительных программ.",Email медицинским партнёрам: осенний оздоровительный курс
2025-11-21,autumn,302.2,545.8,243.6,44.6,5,Medical Treatment,"[5, 2, 1]","Medical Treatment, Weekday Adults, Weekend Getaway",0.9147,"Medical Treatment (C5): гости с лечебной мотивацией, самая длинная длительность (10+ ночей), высокий ценовой tier. Целевой для медицинских и оздоровительных программ.",Email медицинским партнёрам: осенний оздоровительный курс
2025-11-22,autumn,296.5,545.8,249.3,45.7,5,Medical Treatment,"[5, 2, 1]","Medical Treatment, Weekday Adults, Weekend Getaway",0.9147,"Medical Treatment (C5): гости с лечебной мотивацией, самая длинная длительность (10+ ночей), высокий ценовой tier. Целевой для медицинских и оздоровительных программ.",Email медицинским партнёрам: осенний оздоровительный курс
2025-11-23,autumn,272.7,545.8,273.1,50.0,5,Medical Treatment,"[5, 2, 1]","Medical Treatment, Weekday Adults, Weekend Getaway",0.9147,"Medical Treatment (C5): гости с лечебной мотивацией, самая длинная длительность (10+ ночей), высокий ценовой tier. Целевой для медицинских и оздоровительных программ.",Email медицинским партнёрам: осенний оздоровительный курс
2025-11-24,autumn,288.0,545.8,257.8,47.2,5,Medical Treatment,"[5, 2, 1]","Medical Treatment, Weekday Adults, Weekend Getaway",0.9147,"Medical Treatment (C5): гости с лечебной мотивацией, самая длинная длительность (10+ ночей), высокий ценовой tier. Целевой для медицинских и оздоровительных программ.",Email медицинским партнёрам: осенний оздоровительный курс
2025-11-25,autumn,286.2,545.8,259.6,47.6,5,Medical Treatment,"[5, 2, 1]","Medical Treatment, Weekday Adults, Weekend Getaway",0.9147,"Medical Treatment (C5): гости с лечебной мотивацией, самая длинная длительность (10+ ночей), высокий ценовой tier. Целевой для медицинских и оздоровительных программ.",Email медицинским партнёрам: осенний оздоровительный курс
2025-11-26,autumn,279.6,545.8,266.2,48.8,5,Medical Treatment,"[5, 2, 1]","Medical Treatment, Weekday Adults, Weekend Getaway",0.9147,"Medical Treatment (C5): гости с лечебной мотивацией, самая длинная длительность (10+ ночей), высокий ценовой tier. Целевой для медицинских и оздоровительных программ.",Email медицинским партнёрам: осенний оздоровительный курс
2025-11-27,autumn,262.8,545.8,283.0,51.9,5,Medical Treatment,"[5, 2, 1]","Medical Treatment, Weekday Adults, Weekend Getaway",0.9147,"Medical Treatment (C5): гости с лечебной мотивацией, самая длинная длительность (10+ ночей), высокий ценовой tier. Целевой для медицинских и оздоровительных программ.",Email медицинским партнёрам: осенний оздоровительный курс
2025-11-28,autumn,247.9,545.8,297.9,54.6,5,Medical Treatment,"[5, 2, 1]","Medical Treatment, Weekday Adults, Weekend Getaway",0.9147,"Medical Treatment (C5): гости с лечебной мотивацией, самая длинная длительность (10+ ночей), высокий ценовой tier. Целевой для медицинских и оздоровительных программ.",Email медицинским партнёрам: осенний оздоровительный курс
2025-11-29,autumn,225.0,545.8,320.8,58.8,5,Medical Treatment,"[5, 2, 1]","Medical Treatment, Weekday Adults, Weekend Getaway",0.9147,"Medical Treatment (C5): гости с лечебной мотивацией, самая длинная длительность (10+ ночей), высокий ценовой tier. Целевой для медицинских и оздоровительных программ.",Email медицинским партнёрам: осенний оздоровительный курс
2025-11-30,autumn,190.5,545.8,355.3,65.1,5,Medical Treatment,"[5, 2, 1]","Medical Treatment, Weekday Adults, Weekend Getaway",0.9147,"Medical Treatment (C5): гости с лечебной мотивацией, самая длинная длительность (10+ ночей), высокий ценовой tier. Целевой для медицинских и оздоровительных программ.",Email медицинским партнёрам: осенний оздоровительный курс
2025-12-01,winter,204.9,349.1,144.2,41.3,3,Last-minute Winter,"[3, 1, 4]","Last-minute Winter, Weekend Getaway, Young Spring Groups",0.7363,"Last-minute Winter (C3): лояльный сегмент с высоким prev_stays, бронирует за 1 неделю до заезда, пик — зима и весна. Реагирует на срочные 'горящие' предложения.","SMS «горящее»: скидка 15%, заезд в течение 7 дней"
2025-12-02,winter,211.3,349.1,137.8,39.5,3,Last-minute Winter,"[3, 1, 4]","Last-minute Winter, Weekend Getaway, Young Spring Groups",0.7363,"Last-minute Winter (C3): лояльный сегмент с высоким prev_stays, бронирует за 1 неделю до заезда, пик — зима и весна. Реагирует на срочные 'горящие' предложения.","SMS «горящее»: скидка 15%, заезд в течение 7 дней"
2025-12-03,winter,220.1,349.1,129.0,37.0,3,Last-minute Winter,"[3, 1, 4]","Last-minute Winter, Weekend Getaway, Young Spring Groups",0.7363,"Last-minute Winter (C3): лояльный сегмент с высоким prev_stays, бронирует за 1 неделю до заезда, пик — зима и весна. Реагирует на срочные 'горящие' предложения.","SMS «горящее»: скидка 15%, заезд в течение 7 дней"
2025-12-04,winter,224.0,349.1,125.1,35.8,3,Last-minute Winter,"[3, 1, 4]","Last-minute Winter, Weekend Getaway, Young Spring Groups",0.7363,"Last-minute Winter (C3): лояльный сегмент с высоким prev_stays, бронирует за 1 неделю до заезда, пик — зима и весна. Реагирует на срочные 'горящие' предложения.","SMS «горящее»: скидка 15%, заезд в течение 7 дней"
2025-12-05,winter,233.2,349.1,115.9,33.2,3,Last-minute Winter,"[3, 1, 4]","Last-minute Winter, Weekend Getaway, Young Spring Groups",0.7363,"Last-minute Winter (C3): лояльный сегмент с высоким prev_stays, бронирует за 1 неделю до заезда, пик — зима и весна. Реагирует на срочные 'горящие' предложения.","SMS «горящее»: скидка 15%, заезд в течение 7 дней"
2025-12-06,winter,235.1,349.1,114.0,32.7,3,Last-minute Winter,"[3, 1, 4]","Last-minute Winter, Weekend Getaway, Young Spring Groups",0.7363,"Last-minute Winter (C3): лояльный сегмент с высоким prev_stays, бронирует за 1 неделю до заезда, пик — зима и весна. Реагирует на срочные 'горящие' предложения.","SMS «горящее»: скидка 15%, заезд в течение 7 дней"
2025-12-07,winter,221.0,349.1,128.1,36.7,3,Last-minute Winter,"[3, 1, 4]","Last-minute Winter, Weekend Getaway, Young Spring Groups",0.7363,"Last-minute Winter (C3): лояльный сегмент с высоким prev_stays, бронирует за 1 неделю до заезда, пик — зима и весна. Реагирует на срочные 'горящие' предложения.","SMS «горящее»: скидка 15%, заезд в течение 7 дней"
2025-12-08,winter,246.1,349.1,103.0,29.5,3,Last-minute Winter,"[3, 1, 4]","Last-minute Winter, Weekend Getaway, Young Spring Groups",0.7363,"Last-minute Winter (C3): лояльный сегмент с высоким prev_stays, бронирует за 1 неделю до заезда, пик — зима и весна. Реагирует на срочные 'горящие' предложения.","SMS «горящее»: скидка 15%, заезд в течение 7 дней"
2025-12-09,winter,250.8,349.1,98.3,28.2,3,Last-minute Winter,"[3, 1, 4]","Last-minute Winter, Weekend Getaway, Young Spring Groups",0.7363,"Last-minute Winter (C3): лояльный сегмент с высоким prev_stays, бронирует за 1 неделю до заезда, пик — зима и весна. Реагирует на срочные 'горящие' предложения.","SMS «горящее»: скидка 15%, заезд в течение 7 дней"
2025-12-10,winter,247.2,349.1,101.9,29.2,3,Last-minute Winter,"[3, 1, 4]","Last-minute Winter, Weekend Getaway, Young Spring Groups",0.7363,"Last-minute Winter (C3): лояльный сегмент с высоким prev_stays, бронирует за 1 неделю до заезда, пик — зима и весна. Реагирует на срочные 'горящие' предложения.","SMS «горящее»: скидка 15%, заезд в течение 7 дней"
2025-12-11,winter,233.7,349.1,115.4,33.1,3,Last-minute Winter,"[3, 1, 4]","Last-minute Winter, Weekend Getaway, Young Spring Groups",0.7363,"Last-minute Winter (C3): лояльный сегмент с высоким prev_stays, бронирует за 1 неделю до заезда, пик — зима и весна. Реагирует на срочные 'горящие' предложения.","SMS «горящее»: скидка 15%, заезд в течение 7 дней"
2025-12-12,winter,226.1,349.1,123.0,35.2,3,Last-minute Winter,"[3, 1, 4]","Last-minute Winter, Weekend Getaway, Young Spring Groups",0.7363,"Last-minute Winter (C3): лояльный сегмент с высоким prev_stays, бронирует за 1 неделю до заезда, пик — зима и весна. Реагирует на срочные 'горящие' предложения.","SMS «горящее»: скидка 15%, заезд в течение 7 дней"
2025-12-13,winter,214.5,349.1,134.6,38.6,3,Last-minute Winter,"[3, 1, 4]","Last-minute Winter, Weekend Getaway, Young Spring Groups",0.7363,"Last-minute Winter (C3): лояльный сегмент с высоким prev_stays, бронирует за 1 неделю до заезда, пик — зима и весна. Реагирует на срочные 'горящие' предложения.","SMS «горящее»: скидка 15%, заезд в течение 7 дней"
2025-12-14,winter,190.7,349.1,158.4,45.4,3,Last-minute Winter,"[3, 1, 4]","Last-minute Winter, Weekend Getaway, Young Spring Groups",0.7363,"Last-minute Winter (C3): лояльный сегмент с высоким prev_stays, бронирует за 1 неделю до заезда, пик — зима и весна. Реагирует на срочные 'горящие' предложения.","SMS «горящее»: скидка 15%, заезд в течение 7 дней"
2025-12-15,winter,208.9,349.1,140.2,40.2,3,Last-minute Winter,"[3, 1, 4]","Last-minute Winter, Weekend Getaway, Young Spring Groups",0.7363,"Last-minute Winter (C3): лояльный сегмент с высоким prev_stays, бронирует за 1 неделю до заезда, пик — зима и весна. Реагирует на срочные 'горящие' предложения.","SMS «горящее»: скидка 15%, заезд в течение 7 дней"
2025-12-16,winter,210.4,349.1,138.7,39.7,3,Last-minute Winter,"[3, 1, 4]","Last-minute Winter, Weekend Getaway, Young Spring Groups",0.7363,"Last-minute Winter (C3): лояльный сегмент с высоким prev_stays, бронирует за 1 неделю до заезда, пик — зима и весна. Реагирует на срочные 'горящие' предложения.","SMS «горящее»: скидка 15%, заезд в течение 7 дней"
2025-12-17,winter,209.5,349.1,139.6,40.0,3,Last-minute Winter,"[3, 1, 4]","Last-minute Winter, Weekend Getaway, Young Spring Groups",0.7363,"Last-minute Winter (C3): лояльный сегмент с высоким prev_stays, бронирует за 1 неделю до заезда, пик — зима и весна. Реагирует на срочные 'горящие' предложения.","SMS «горящее»: скидка 15%, заезд в течение 7 дней"
2025-12-18,winter,205.4,349.1,143.7,41.2,3,Last-minute Winter,"[3, 1, 4]","Last-minute Winter, Weekend Getaway, Young Spring Groups",0.7363,"Last-minute Winter (C3): лояльный сегмент с высоким prev_stays, бронирует за 1 неделю до заезда, пик — зима и весна. Реагирует на срочные 'горящие' предложения.","SMS «горящее»: скидка 15%, заезд в течение 7 дней"
2025-12-19,winter,211.7,349.1,137.4,39.4,3,Last-minute Winter,"[3, 1, 4]","Last-minute Winter, Weekend Getaway, Young Spring Groups",0.7363,"Last-minute Winter (C3): лояльный сегмент с высоким prev_stays, бронирует за 1 неделю до заезда, пик — зима и весна. Реагирует на срочные 'горящие' предложения.","SMS «горящее»: скидка 15%, заезд в течение 7 дней"
2025-12-20,winter,214.0,349.1,135.1,38.7,3,Last-minute Winter,"[3, 1, 4]","Last-minute Winter, Weekend Getaway, Young Spring Groups",0.7363,"Last-minute Winter (C3): лояльный сегмент с высоким prev_stays, бронирует за 1 неделю до заезда, пик — зима и весна. Реагирует на срочные 'горящие' предложения.","SMS «горящее»: скидка 15%, заезд в течение 7 дней"
2025-12-21,winter,199.7,349.1,149.4,42.8,3,Last-minute Winter,"[3, 1, 4]","Last-minute Winter, Weekend Getaway, Young Spring Groups",0.7363,"Last-minute Winter (C3): лояльный сегмент с высоким prev_stays, бронирует за 1 неделю до заезда, пик — зима и весна. Реагирует на срочные 'горящие' предложения.","SMS «горящее»: скидка 15%, заезд в течение 7 дней"
2025-12-22,winter,222.2,349.1,126.9,36.4,3,Last-minute Winter,"[3, 1, 4]","Last-minute Winter, Weekend Getaway, Young Spring Groups",0.7363,"Last-minute Winter (C3): лояльный сегмент с высоким prev_stays, бронирует за 1 неделю до заезда, пик — зима и весна. Реагирует на срочные 'горящие' предложения.","SMS «горящее»: скидка 15%, заезд в течение 7 дней"
2025-12-23,winter,225.0,349.1,124.1,35.5,3,Last-minute Winter,"[3, 1, 4]","Last-minute Winter, Weekend Getaway, Young Spring Groups",0.7363,"Last-minute Winter (C3): лояльный сегмент с высоким prev_stays, бронирует за 1 неделю до заезда, пик — зима и весна. Реагирует на срочные 'горящие' предложения.","SMS «горящее»: скидка 15%, заезд в течение 7 дней"
2025-12-24,winter,225.2,349.1,123.9,35.5,3,Last-minute Winter,"[3, 1, 4]","Last-minute Winter, Weekend Getaway, Young Spring Groups",0.7363,"Last-minute Winter (C3): лояльный сегмент с высоким prev_stays, бронирует за 1 неделю до заезда, пик — зима и весна. Реагирует на срочные 'горящие' предложения.","SMS «горящее»: скидка 15%, заезд в течение 7 дней"
2025-12-25,winter,222.2,349.1,126.9,36.4,3,Last-minute Winter,"[3, 1, 4]","Last-minute Winter, Weekend Getaway, Young Spring Groups",0.7363,"Last-minute Winter (C3): лояльный сегмент с высоким prev_stays, бронирует за 1 неделю до заезда, пик — зима и весна. Реагирует на срочные 'горящие' предложения.","SMS «горящее»: скидка 15%, заезд в течение 7 дней"
2025-12-26,winter,226.7,349.1,122.4,35.1,3,Last-minute Winter,"[3, 1, 4]","Last-minute Winter, Weekend Getaway, Young Spring Groups",0.7363,"Last-minute Winter (C3): лояльный сегмент с высоким prev_stays, бронирует за 1 неделю до заезда, пик — зима и весна. Реагирует на срочные 'горящие' предложения.","SMS «горящее»: скидка 15%, заезд в течение 7 дней"
2025-12-27,winter,220.9,349.1,128.2,36.7,3,Last-minute Winter,"[3, 1, 4]","Last-minute Winter, Weekend Getaway, Young Spring Groups",0.7363,"Last-minute Winter (C3): лояльный сегмент с высоким prev_stays, бронирует за 1 неделю до заезда, пик — зима и весна. Реагирует на срочные 'горящие' предложения.","SMS «горящее»: скидка 15%, заезд в течение 7 дней"
2025-12-28,winter,192.0,349.1,157.1,45.0,3,Last-minute Winter,"[3, 1, 4]","Last-minute Winter, Weekend Getaway, Young Spring Groups",0.7363,"Last-minute Winter (C3): лояльный сегмент с высоким prev_stays, бронирует за 1 неделю до заезда, пик — зима и весна. Реагирует на срочные 'горящие' предложения.","SMS «горящее»: скидка 15%, заезд в течение 7 дней"
2025-12-29,winter,197.6,349.1,151.5,43.4,3,Last-minute Winter,"[3, 1, 4]","Last-minute Winter, Weekend Getaway, Young Spring Groups",0.7363,"Last-minute Winter (C3): лояльный сегмент с высоким prev_stays, бронирует за 1 неделю до заезда, пик — зима и весна. Реагирует на срочные 'горящие' предложения.","SMS «горящее»: скидка 15%, заезд в течение 7 дней"
2025-12-30,winter,187.3,349.1,161.8,46.3,3,Last-minute Winter,"[3, 1, 4]","Last-minute Winter, Weekend Getaway, Young Spring Groups",0.7363,"Last-minute Winter (C3): лояльный сегмент с высоким prev_stays, бронирует за 1 неделю до заезда, пик — зима и весна. Реагирует на срочные 'горящие' предложения.","SMS «горящее»: скидка 15%, заезд в течение 7 дней"
2026-01-08,winter,298.6,349.1,50.5,14.5,3,Last-minute Winter,"[3, 1, 4]","Last-minute Winter, Weekend Getaway, Young Spring Groups",0.7363,"Last-minute Winter (C3): лояльный сегмент с высоким prev_stays, бронирует за 1 неделю до заезда, пик — зима и весна. Реагирует на срочные 'горящие' предложения.","SMS «горящее»: скидка 15%, заезд в течение 7 дней"
2026-01-09,winter,301.4,349.1,47.7,13.7,3,Last-minute Winter,"[3, 1, 4]","Last-minute Winter, Weekend Getaway, Young Spring Groups",0.7363,"Last-minute Winter (C3): лояльный сегмент с высоким prev_stays, бронирует за 1 неделю до заезда, пик — зима и весна. Реагирует на срочные 'горящие' предложения.","SMS «горящее»: скидка 15%, заезд в течение 7 дней"
2026-01-10,winter,258.9,349.1,90.2,25.8,3,Last-minute Winter,"[3, 1, 4]","Last-minute Winter, Weekend Getaway, Young Spring Groups",0.7363,"Last-minute Winter (C3): лояльный сегмент с высоким prev_stays, бронирует за 1 неделю до заезда, пик — зима и весна. Реагирует на срочные 'горящие' предложения.","SMS «горящее»: скидка 15%, заезд в течение 7 дней"
2026-01-11,winter,231.2,349.1,117.9,33.8,3,Last-minute Winter,"[3, 1, 4]","Last-minute Winter, Weekend Getaway, Young Spring Groups",0.7363,"Last-minute Winter (C3): лояльный сегмент с высоким prev_stays, бронирует за 1 неделю до заезда, пик — зима и весна. Реагирует на срочные 'горящие' предложения.","SMS «горящее»: скидка 15%, заезд в течение 7 дней"
2026-01-12,winter,242.1,349.1,107.0,30.7,3,Last-minute Winter,"[3, 1, 4]","Last-minute Winter, Weekend Getaway, Young Spring Groups",0.7363,"Last-minute Winter (C3): лояльный сегмент с высоким prev_stays, бронирует за 1 неделю до заезда, пик — зима и весна. Реагирует на срочные 'горящие' предложения.","SMS «горящее»: скидка 15%, заезд в течение 7 дней"
2026-01-13,winter,238.8,349.1,110.3,31.6,3,Last-minute Winter,"[3, 1, 4]","Last-minute Winter, Weekend Getaway, Young Spring Groups",0.7363,"Last-minute Winter (C3): лояльный сегмент с высоким prev_stays, бронирует за 1 неделю до заезда, пик — зима и весна. Реагирует на срочные 'горящие' предложения.","SMS «горящее»: скидка 15%, заезд в течение 7 дней"
2026-01-14,winter,236.7,349.1,112.4,32.2,3,Last-minute Winter,"[3, 1, 4]","Last-minute Winter, Weekend Getaway, Young Spring Groups",0.7363,"Last-minute Winter (C3): лояльный сегмент с высоким prev_stays, бронирует за 1 неделю до заезда, пик — зима и весна. Реагирует на срочные 'горящие' предложения.","SMS «горящее»: скидка 15%, заезд в течение 7 дней"
2026-01-15,winter,232.0,349.1,117.1,33.5,3,Last-minute Winter,"[3, 1, 4]","Last-minute Winter, Weekend Getaway, Young Spring Groups",0.7363,"Last-minute Winter (C3): лояльный сегмент с высоким prev_stays, бронирует за 1 неделю до заезда, пик — зима и весна. Реагирует на срочные 'горящие' предложения.","SMS «горящее»: скидка 15%, заезд в течение 7 дней"
2026-01-16,winter,234.9,349.1,114.2,32.7,3,Last-minute Winter,"[3, 1, 4]","Last-minute Winter, Weekend Getaway, Young Spring Groups",0.7363,"Last-minute Winter (C3): лояльный сегмент с высоким prev_stays, бронирует за 1 неделю до заезда, пик — зима и весна. Реагирует на срочные 'горящие' предложения.","SMS «горящее»: скидка 15%, заезд в течение 7 дней"
2026-01-17,winter,231.7,349.1,117.4,33.6,3,Last-minute Winter,"[3, 1, 4]","Last-minute Winter, Weekend Getaway, Young Spring Groups",0.7363,"Last-minute Winter (C3): лояльный сегмент с высоким prev_stays, бронирует за 1 неделю до заезда, пик — зима и весна. Реагирует на срочные 'горящие' предложения.","SMS «горящее»: скидка 15%, заезд в течение 7 дней"
2026-01-18,winter,213.6,349.1,135.5,38.8,3,Last-minute Winter,"[3, 1, 4]","Last-minute Winter, Weekend Getaway, Young Spring Groups",0.7363,"Last-minute Winter (C3): лояльный сегмент с высоким prev_stays, бронирует за 1 неделю до заезда, пик — зима и весна. Реагирует на срочные 'горящие' предложения.","SMS «горящее»: скидка 15%, заезд в течение 7 дней"
2026-01-19,winter,236.8,349.1,112.3,32.2,3,Last-minute Winter,"[3, 1, 4]","Last-minute Winter, Weekend Getaway, Young Spring Groups",0.7363,"Last-minute Winter (C3): лояльный сегмент с высоким prev_stays, бронирует за 1 неделю до заезда, пик — зима и весна. Реагирует на срочные 'горящие' предложения.","SMS «горящее»: скидка 15%, заезд в течение 7 дней"
2026-01-20,winter,243.6,349.1,105.5,30.2,3,Last-minute Winter,"[3, 1, 4]","Last-minute Winter, Weekend Getaway, Young Spring Groups",0.7363,"Last-minute Winter (C3): лояльный сегмент с высоким prev_stays, бронирует за 1 неделю до заезда, пик — зима и весна. Реагирует на срочные 'горящие' предложения.","SMS «горящее»: скидка 15%, заезд в течение 7 дней"
2026-01-21,winter,246.7,349.1,102.4,29.3,3,Last-minute Winter,"[3, 1, 4]","Last-minute Winter, Weekend Getaway, Young Spring Groups",0.7363,"Last-minute Winter (C3): лояльный сегмент с высоким prev_stays, бронирует за 1 неделю до заезда, пик — зима и весна. Реагирует на срочные 'горящие' предложения.","SMS «горящее»: скидка 15%, заезд в течение 7 дней"
2026-01-22,winter,243.0,349.1,106.1,30.4,3,Last-minute Winter,"[3, 1, 4]","Last-minute Winter, Weekend Getaway, Young Spring Groups",0.7363,"Last-minute Winter (C3): лояльный сегмент с высоким prev_stays, бронирует за 1 неделю до заезда, пик — зима и весна. Реагирует на срочные 'горящие' предложения.","SMS «горящее»: скидка 15%, заезд в течение 7 дней"
2026-01-23,winter,246.1,349.1,103.0,29.5,3,Last-minute Winter,"[3, 1, 4]","Last-minute Winter, Weekend Getaway, Young Spring Groups",0.7363,"Last-minute Winter (C3): лояльный сегмент с высоким prev_stays, бронирует за 1 неделю до заезда, пик — зима и весна. Реагирует на срочные 'горящие' предложения.","SMS «горящее»: скидка 15%, заезд в течение 7 дней"
2026-01-24,winter,243.9,349.1,105.2,30.1,3,Last-minute Winter,"[3, 1, 4]","Last-minute Winter, Weekend Getaway, Young Spring Groups",0.7363,"Last-minute Winter (C3): лояльный сегмент с высоким prev_stays, бронирует за 1 неделю до заезда, пик — зима и весна. Реагирует на срочные 'горящие' предложения.","SMS «горящее»: скидка 15%, заезд в течение 7 дней"
2026-01-25,winter,225.8,349.1,123.3,35.3,3,Last-minute Winter,"[3, 1, 4]","Last-minute Winter, Weekend Getaway, Young Spring Groups",0.7363,"Last-minute Winter (C3): лояльный сегмент с высоким prev_stays, бронирует за 1 неделю до заезда, пик — зима и весна. Реагирует на срочные 'горящие' предложения.","SMS «горящее»: скидка 15%, заезд в течение 7 дней"
2026-01-26,winter,244.6,349.1,104.5,29.9,3,Last-minute Winter,"[3, 1, 4]","Last-minute Winter, Weekend Getaway, Young Spring Groups",0.7363,"Last-minute Winter (C3): лояльный сегмент с высоким prev_stays, бронирует за 1 неделю до заезда, пик — зима и весна. Реагирует на срочные 'горящие' предложения.","SMS «горящее»: скидка 15%, заезд в течение 7 дней"
2026-01-27,winter,240.5,349.1,108.6,31.1,3,Last-minute Winter,"[3, 1, 4]","Last-minute Winter, Weekend Getaway, Young Spring Groups",0.7363,"Last-minute Winter (C3): лояльный сегмент с высоким prev_stays, бронирует за 1 неделю до заезда, пик — зима и весна. Реагирует на срочные 'горящие' предложения.","SMS «горящее»: скидка 15%, заезд в течение 7 дней"
2026-01-28,winter,228.2,349.1,120.9,34.6,3,Last-minute Winter,"[3, 1, 4]","Last-minute Winter, Weekend Getaway, Young Spring Groups",0.7363,"Last-minute Winter (C3): лояльный сегмент с высоким prev_stays, бронирует за 1 неделю до заезда, пик — зима и весна. Реагирует на срочные 'горящие' предложения.","SMS «горящее»: скидка 15%, заезд в течение 7 дней"
2026-01-29,winter,210.2,349.1,138.9,39.8,3,Last-minute Winter,"[3, 1, 4]","Last-minute Winter, Weekend Getaway, Young Spring Groups",0.7363,"Last-minute Winter (C3): лояльный сегмент с высоким prev_stays, бронирует за 1 неделю до заезда, пик — зима и весна. Реагирует на срочные 'горящие' предложения.","SMS «горящее»: скидка 15%, заезд в течение 7 дней"
2026-01-30,winter,205.5,349.1,143.6,41.1,3,Last-minute Winter,"[3, 1, 4]","Last-minute Winter, Weekend Getaway, Young Spring Groups",0.7363,"Last-minute Winter (C3): лояльный сегмент с высоким prev_stays, бронирует за 1 неделю до заезда, пик — зима и весна. Реагирует на срочные 'горящие' предложения.","SMS «горящее»: скидка 15%, заезд в течение 7 дней"
2026-01-31,winter,204.9,349.1,144.2,41.3,3,Last-minute Winter,"[3, 1, 4]","Last-minute Winter, Weekend Getaway, Young Spring Groups",0.7363,"Last-minute Winter (C3): лояльный сегмент с высоким prev_stays, бронирует за 1 неделю до заезда, пик — зима и весна. Реагирует на срочные 'горящие' предложения.","SMS «горящее»: скидка 15%, заезд в течение 7 дней"
2026-02-01,winter,197.3,349.1,151.8,43.5,3,Last-minute Winter,"[3, 1, 4]","Last-minute Winter, Weekend Getaway, Young Spring Groups",0.7363,"Last-minute Winter (C3): лояльный сегмент с высоким prev_stays, бронирует за 1 неделю до заезда, пик — зима и весна. Реагирует на срочные 'горящие' предложения.","SMS «горящее»: скидка 15%, заезд в течение 7 дней"
2026-02-02,winter,233.5,349.1,115.6,33.1,3,Last-minute Winter,"[3, 1, 4]","Last-minute Winter, Weekend Getaway, Young Spring Groups",0.7363,"Last-minute Winter (C3): лояльный сегмент с высоким prev_stays, бронирует за 1 неделю до заезда, пик — зима и весна. Реагирует на срочные 'горящие' предложения.","SMS «горящее»: скидка 15%, заезд в течение 7 дней"
2026-02-03,winter,251.6,349.1,97.5,27.9,3,Last-minute Winter,"[3, 1, 4]","Last-minute Winter, Weekend Getaway, Young Spring Groups",0.7363,"Last-minute Winter (C3): лояльный сегмент с высоким prev_stays, бронирует за 1 неделю до заезда, пик — зима и весна. Реагирует на срочные 'горящие' предложения.","SMS «горящее»: скидка 15%, заезд в течение 7 дней"
2026-02-04,winter,264.6,349.1,84.5,24.2,3,Last-minute Winter,"[3, 1, 4]","Last-minute Winter, Weekend Getaway, Young Spring Groups",0.7363,"Last-minute Winter (C3): лояльный сегмент с высоким prev_stays, бронирует за 1 неделю до заезда, пик — зима и весна. Реагирует на срочные 'горящие' предложения.","SMS «горящее»: скидка 15%, заезд в течение 7 дней"
2026-02-05,winter,272.1,349.1,77.0,22.1,3,Last-minute Winter,"[3, 1, 4]","Last-minute Winter, Weekend Getaway, Young Spring Groups",0.7363,"Last-minute Winter (C3): лояльный сегмент с высоким prev_stays, бронирует за 1 неделю до заезда, пик — зима и весна. Реагирует на срочные 'горящие' предложения.","SMS «горящее»: скидка 15%, заезд в течение 7 дней"
2026-02-06,winter,287.9,349.1,61.2,17.5,3,Last-minute Winter,"[3, 1, 4]","Last-minute Winter, Weekend Getaway, Young Spring Groups",0.7363,"Last-minute Winter (C3): лояльный сегмент с высоким prev_stays, бронирует за 1 неделю до заезда, пик — зима и весна. Реагирует на срочные 'горящие' предложения.","SMS «горящее»: скидка 15%, заезд в течение 7 дней"
2026-02-07,winter,297.5,349.1,51.6,14.8,3,Last-minute Winter,"[3, 1, 4]","Last-minute Winter, Weekend Getaway, Young Spring Groups",0.7363,"Last-minute Winter (C3): лояльный сегмент с высоким prev_stays, бронирует за 1 неделю до заезда, пик — зима и весна. Реагирует на срочные 'горящие' предложения.","SMS «горящее»: скидка 15%, заезд в течение 7 дней"
2026-02-08,winter,287.3,349.1,61.8,17.7,3,Last-minute Winter,"[3, 1, 4]","Last-minute Winter, Weekend Getaway, Young Spring Groups",0.7363,"Last-minute Winter (C3): лояльный сегмент с высоким prev_stays, бронирует за 1 неделю до заезда, пик — зима и весна. Реагирует на срочные 'горящие' предложения.","SMS «горящее»: скидка 15%, заезд в течение 7 дней"
2026-02-09,winter,309.6,349.1,39.5,11.3,3,Last-minute Winter,"[3, 1, 4]","Last-minute Winter, Weekend Getaway, Young Spring Groups",0.7363,"Last-minute Winter (C3): лояльный сегмент с высоким prev_stays, бронирует за 1 неделю до заезда, пик — зима и весна. Реагирует на срочные 'горящие' предложения.","SMS «горящее»: скидка 15%, заезд в течение 7 дней"
2026-02-10,winter,308.3,349.1,40.8,11.7,3,Last-minute Winter,"[3, 1, 4]","Last-minute Winter, Weekend Getaway, Young Spring Groups",0.7363,"Last-minute Winter (C3): лояльный сегмент с высоким prev_stays, бронирует за 1 неделю до заезда, пик — зима и весна. Реагирует на срочные 'горящие' предложения.","SMS «горящее»: скидка 15%, заезд в течение 7 дней"
2026-02-11,winter,301.9,349.1,47.2,13.5,3,Last-minute Winter,"[3, 1, 4]","Last-minute Winter, Weekend Getaway, Young Spring Groups",0.7363,"Last-minute Winter (C3): лояльный сегмент с высоким prev_stays, бронирует за 1 неделю до заезда, пик — зима и весна. Реагирует на срочные 'горящие' предложения.","SMS «горящее»: скидка 15%, заезд в течение 7 дней"
2026-02-12,winter,292.9,349.1,56.2,16.1,3,Last-minute Winter,"[3, 1, 4]","Last-minute Winter, Weekend Getaway, Young Spring Groups",0.7363,"Last-minute Winter (C3): лояльный сегмент с высоким prev_stays, бронирует за 1 неделю до заезда, пик — зима и весна. Реагирует на срочные 'горящие' предложения.","SMS «горящее»: скидка 15%, заезд в течение 7 дней"
2026-02-13,winter,295.5,349.1,53.6,15.4,3,Last-minute Winter,"[3, 1, 4]","Last-minute Winter, Weekend Getaway, Young Spring Groups",0.7363,"Last-minute Winter (C3): лояльный сегмент с высоким prev_stays, бронирует за 1 неделю до заезда, пик — зима и весна. Реагирует на срочные 'горящие' предложения.","SMS «горящее»: скидка 15%, заезд в течение 7 дней"
2026-02-14,winter,294.3,349.1,54.8,15.7,3,Last-minute Winter,"[3, 1, 4]","Last-minute Winter, Weekend Getaway, Young Spring Groups",0.7363,"Last-minute Winter (C3): лояльный сегмент с высоким prev_stays, бронирует за 1 неделю до заезда, пик — зима и весна. Реагирует на срочные 'горящие' предложения.","SMS «горящее»: скидка 15%, заезд в течение 7 дней"
2026-02-15,winter,276.7,349.1,72.4,20.7,3,Last-minute Winter,"[3, 1, 4]","Last-minute Winter, Weekend Getaway, Young Spring Groups",0.7363,"Last-minute Winter (C3): лояльный сегмент с высоким prev_stays, бронирует за 1 неделю до заезда, пик — зима и весна. Реагирует на срочные 'горящие' предложения.","SMS «горящее»: скидка 15%, заезд в течение 7 дней"
2026-02-16,winter,297.2,349.1,51.9,14.9,3,Last-minute Winter,"[3, 1, 4]","Last-minute Winter, Weekend Getaway, Young Spring Groups",0.7363,"Last-minute Winter (C3): лояльный сегмент с высоким prev_stays, бронирует за 1 неделю до заезда, пик — зима и весна. Реагирует на срочные 'горящие' предложения.","SMS «горящее»: скидка 15%, заезд в течение 7 дней"
2026-02-17,winter,300.7,349.1,48.4,13.9,3,Last-minute Winter,"[3, 1, 4]","Last-minute Winter, Weekend Getaway, Young Spring Groups",0.7363,"Last-minute Winter (C3): лояльный сегмент с высоким prev_stays, бронирует за 1 неделю до заезда, пик — зима и весна. Реагирует на срочные 'горящие' предложения.","SMS «горящее»: скидка 15%, заезд в течение 7 дней"
2026-02-18,winter,303.5,349.1,45.6,13.1,3,Last-minute Winter,"[3, 1, 4]","Last-minute Winter, Weekend Getaway, Young Spring Groups",0.7363,"Last-minute Winter (C3): лояльный сегмент с высоким prev_stays, бронирует за 1 неделю до заезда, пик — зима и весна. Реагирует на срочные 'горящие' предложения.","SMS «горящее»: скидка 15%, заезд в течение 7 дней"
2026-02-19,winter,303.7,349.1,45.4,13.0,3,Last-minute Winter,"[3, 1, 4]","Last-minute Winter, Weekend Getaway, Young Spring Groups",0.7363,"Last-minute Winter (C3): лояльный сегмент с высоким prev_stays, бронирует за 1 неделю до заезда, пик — зима и весна. Реагирует на срочные 'горящие' предложения.","SMS «горящее»: скидка 15%, заезд в течение 7 дней"
2026-02-20,winter,311.2,349.1,37.9,10.9,3,Last-minute Winter,"[3, 1, 4]","Last-minute Winter, Weekend Getaway, Young Spring Groups",0.7363,"Last-minute Winter (C3): лояльный сегмент с высоким prev_stays, бронирует за 1 неделю до заезда, пик — зима и весна. Реагирует на срочные 'горящие' предложения.","SMS «горящее»: скидка 15%, заезд в течение 7 дней"
2026-02-21,winter,309.9,349.1,39.2,11.2,3,Last-minute Winter,"[3, 1, 4]","Last-minute Winter, Weekend Getaway, Young Spring Groups",0.7363,"Last-minute Winter (C3): лояльный сегмент с высоким prev_stays, бронирует за 1 неделю до заезда, пик — зима и весна. Реагирует на срочные 'горящие' предложения.","SMS «горящее»: скидка 15%, заезд в течение 7 дней"
2026-02-22,winter,336.8,349.1,12.3,3.5,3,Last-minute Winter,"[3, 1, 4]","Last-minute Winter, Weekend Getaway, Young Spring Groups",0.7363,"Last-minute Winter (C3): лояльный сегмент с высоким prev_stays, бронирует за 1 неделю до заезда, пик — зима и весна. Реагирует на срочные 'горящие' предложения.","SMS «горящее»: скидка 15%, заезд в течение 7 дней"
2026-02-25,winter,307.0,349.1,42.1,12.1,3,Last-minute Winter,"[3, 1, 4]","Last-minute Winter, Weekend Getaway, Young Spring Groups",0.7363,"Last-minute Winter (C3): лояльный сегмент с высоким prev_stays, бронирует за 1 неделю до заезда, пик — зима и весна. Реагирует на срочные 'горящие' предложения.","SMS «горящее»: скидка 15%, заезд в течение 7 дней"
2026-02-26,winter,296.8,349.1,52.3,15.0,3,Last-minute Winter,"[3, 1, 4]","Last-minute Winter, Weekend Getaway, Young Spring Groups",0.7363,"Last-minute Winter (C3): лояльный сегмент с высоким prev_stays, бронирует за 1 неделю до заезда, пик — зима и весна. Реагирует на срочные 'горящие' предложения.","SMS «горящее»: скидка 15%, заезд в течение 7 дней"
2026-02-27,winter,288.2,349.1,60.9,17.4,3,Last-minute Winter,"[3, 1, 4]","Last-minute Winter, Weekend Getaway, Young Spring Groups",0.7363,"Last-minute Winter (C3): лояльный сегмент с высоким prev_stays, бронирует за 1 неделю до заезда, пик — зима и весна. Реагирует на срочные 'горящие' предложения.","SMS «горящее»: скидка 15%, заезд в течение 7 дней"
2026-02-28,winter,269.2,349.1,79.9,22.9,3,Last-minute Winter,"[3, 1, 4]","Last-minute Winter, Weekend Getaway, Young Spring Groups",0.7363,"Last-minute Winter (C3): лояльный сегмент с высоким prev_stays, бронирует за 1 неделю до заезда, пик — зима и весна. Реагирует на срочные 'горящие' предложения.","SMS «горящее»: скидка 15%, заезд в течение 7 дней"
2026-03-01,spring,235.4,372.9,137.5,36.9,4,Young Spring Groups,"[4, 1, 3]","Young Spring Groups, Weekend Getaway, Last-minute Winter",0.7408,"Young Spring Groups (C4): молодая аудитория 22 года, групповые туры, пик — весна. LIGHT ценовой tier. Целевой для корпоративных и групповых предложений.",B2B-рассылка корпоративным клиентам: групповой весенний тур
2026-03-02,spring,248.8,372.9,124.1,33.3,4,Young Spring Groups,"[4, 1, 3]","Young Spring Groups, Weekend Getaway, Last-minute Winter",0.7408,"Young Spring Groups (C4): молодая аудитория 22 года, групповые туры, пик — весна. LIGHT ценовой tier. Целевой для корпоративных и групповых предложений.",B2B-рассылка корпоративным клиентам: групповой весенний тур
2026-03-03,spring,255.4,372.9,117.5,31.5,4,Young Spring Groups,"[4, 1, 3]","Young Spring Groups, Weekend Getaway, Last-minute Winter",0.7408,"Young Spring Groups (C4): молодая аудитория 22 года, групповые туры, пик — весна. LIGHT ценовой tier. Целевой для корпоративных и групповых предложений.",B2B-рассылка корпоративным клиентам: групповой весенний тур
2026-03-04,spring,267.4,372.9,105.5,28.3,4,Young Spring Groups,"[4, 1, 3]","Young Spring Groups, Weekend Getaway, Last-minute Winter",0.7408,"Young Spring Groups (C4): молодая аудитория 22 года, групповые туры, пик — весна. LIGHT ценовой tier. Целевой для корпоративных и групповых предложений.",B2B-рассылка корпоративным клиентам: групповой весенний тур
2026-03-05,spring,277.4,372.9,95.5,25.6,4,Young Spring Groups,"[4, 1, 3]","Young Spring Groups, Weekend Getaway, Last-minute Winter",0.7408,"Young Spring Groups (C4): молодая аудитория 22 года, групповые туры, пик — весна. LIGHT ценовой tier. Целевой для корпоративных и групповых предложений.",B2B-рассылка корпоративным клиентам: групповой весенний тур
2026-03-06,spring,293.4,372.9,79.5,21.3,4,Young Spring Groups,"[4, 1, 3]","Young Spring Groups, Weekend Getaway, Last-minute Winter",0.7408,"Young Spring Groups (C4): молодая аудитория 22 года, групповые туры, пик — весна. LIGHT ценовой tier. Целевой для корпоративных и групповых предложений.",B2B-рассылка корпоративным клиентам: групповой весенний тур
2026-03-07,spring,359.1,372.9,13.8,3.7,4,Young Spring Groups,"[4, 1, 3]","Young Spring Groups, Weekend Getaway, Last-minute Winter",0.7408,"Young Spring Groups (C4): молодая аудитория 22 года, групповые туры, пик — весна. LIGHT ценовой tier. Целевой для корпоративных и групповых предложений.",B2B-рассылка корпоративным клиентам: групповой весенний тур
2026-03-09,spring,364.4,372.9,8.5,2.3,4,Young Spring Groups,"[4, 1, 3]","Young Spring Groups, Weekend Getaway, Last-minute Winter",0.7408,"Young Spring Groups (C4): молодая аудитория 22 года, групповые туры, пик — весна. LIGHT ценовой tier. Целевой для корпоративных и групповых предложений.",B2B-рассылка корпоративным клиентам: групповой весенний тур
2026-03-10,spring,337.2,372.9,35.7,9.6,4,Young Spring Groups,"[4, 1, 3]","Young Spring Groups, Weekend Getaway, Last-minute Winter",0.7408,"Young Spring Groups (C4): молодая аудитория 22 года, групповые туры, пик — весна. LIGHT ценовой tier. Целевой для корпоративных и групповых предложений.",B2B-рассылка корпоративным клиентам: групповой весенний тур
2026-03-11,spring,343.2,372.9,29.7,8.0,4,Young Spring Groups,"[4, 1, 3]","Young Spring Groups, Weekend Getaway, Last-minute Winter",0.7408,"Young Spring Groups (C4): молодая аудитория 22 года, групповые туры, пик — весна. LIGHT ценовой tier. Целевой для корпоративных и групповых предложений.",B2B-рассылка корпоративным клиентам: групповой весенний тур
2026-03-12,spring,338.7,372.9,34.2,9.2,4,Young Spring Groups,"[4, 1, 3]","Young Spring Groups, Weekend Getaway, Last-minute Winter",0.7408,"Young Spring Groups (C4): молодая аудитория 22 года, групповые туры, пик — весна. LIGHT ценовой tier. Целевой для корпоративных и групповых предложений.",B2B-рассылка корпоративным клиентам: групповой весенний тур
2026-03-13,spring,338.0,372.9,34.9,9.4,4,Young Spring Groups,"[4, 1, 3]","Young Spring Groups, Weekend Getaway, Last-minute Winter",0.7408,"Young Spring Groups (C4): молодая аудитория 22 года, групповые туры, пик — весна. LIGHT ценовой tier. Целевой для корпоративных и групповых предложений.",B2B-рассылка корпоративным клиентам: групповой весенний тур
2026-03-14,spring,331.2,372.9,41.7,11.2,4,Young Spring Groups,"[4, 1, 3]","Young Spring Groups, Weekend Getaway, Last-minute Winter",0.7408,"Young Spring Groups (C4): молодая аудитория 22 года, групповые туры, пик — весна. LIGHT ценовой tier. Целевой для корпоративных и групповых предложений.",B2B-рассылка корпоративным клиентам: групповой весенний тур
2026-03-15,spring,311.4,372.9,61.5,16.5,4,Young Spring Groups,"[4, 1, 3]","Young Spring Groups, Weekend Getaway, Last-minute Winter",0.7408,"Young Spring Groups (C4): молодая аудитория 22 года, групповые туры, пик — весна. LIGHT ценовой tier. Целевой для корпоративных и групповых предложений.",B2B-рассылка корпоративным клиентам: групповой весенний тур
2026-03-16,spring,334.4,372.9,38.5,10.3,4,Young Spring Groups,"[4, 1, 3]","Young Spring Groups, Weekend Getaway, Last-minute Winter",0.7408,"Young Spring Groups (C4): молодая аудитория 22 года, групповые туры, пик — весна. LIGHT ценовой tier. Целевой для корпоративных и групповых предложений.",B2B-рассылка корпоративным клиентам: групповой весенний тур
2026-03-17,spring,341.4,372.9,31.5,8.4,4,Young Spring Groups,"[4, 1, 3]","Young Spring Groups, Weekend Getaway, Last-minute Winter",0.7408,"Young Spring Groups (C4): молодая аудитория 22 года, групповые туры, пик — весна. LIGHT ценовой tier. Целевой для корпоративных и групповых предложений.",B2B-рассылка корпоративным клиентам: групповой весенний тур
2026-03-18,spring,345.9,372.9,27.0,7.2,4,Young Spring Groups,"[4, 1, 3]","Young Spring Groups, Weekend Getaway, Last-minute Winter",0.7408,"Young Spring Groups (C4): молодая аудитория 22 года, групповые туры, пик — весна. LIGHT ценовой tier. Целевой для корпоративных и групповых предложений.",B2B-рассылка корпоративным клиентам: групповой весенний тур
2026-03-19,spring,346.1,372.9,26.8,7.2,4,Young Spring Groups,"[4, 1, 3]","Young Spring Groups, Weekend Getaway, Last-minute Winter",0.7408,"Young Spring Groups (C4): молодая аудитория 22 года, групповые туры, пик — весна. LIGHT ценовой tier. Целевой для корпоративных и групповых предложений.",B2B-рассылка корпоративным клиентам: групповой весенний тур
2026-03-20,spring,355.6,372.9,17.3,4.6,4,Young Spring Groups,"[4, 1, 3]","Young Spring Groups, Weekend Getaway, Last-minute Winter",0.7408,"Young Spring Groups (C4): молодая аудитория 22 года, групповые туры, пик — весна. LIGHT ценовой tier. Целевой для корпоративных и групповых предложений.",B2B-рассылка корпоративным клиентам: групповой весенний тур
2026-03-21,spring,361.2,372.9,11.7,3.1,4,Young Spring Groups,"[4, 1, 3]","Young Spring Groups, Weekend Getaway, Last-minute Winter",0.7408,"Young Spring Groups (C4): молодая аудитория 22 года, групповые туры, пик — весна. LIGHT ценовой tier. Целевой для корпоративных и групповых предложений.",B2B-рассылка корпоративным клиентам: групповой весенний тур
2026-03-22,spring,351.0,372.9,21.9,5.9,4,Young Spring Groups,"[4, 1, 3]","Young Spring Groups, Weekend Getaway, Last-minute Winter",0.7408,"Young Spring Groups (C4): молодая аудитория 22 года, групповые туры, пик — весна. LIGHT ценовой tier. Целевой для корпоративных и групповых предложений.",B2B-рассылка корпоративным клиентам: групповой весенний тур
2026-03-29,spring,365.6,372.9,7.3,2.0,4,Young Spring Groups,"[4, 1, 3]","Young Spring Groups, Weekend Getaway, Last-minute Winter",0.7408,"Young Spring Groups (C4): молодая аудитория 22 года, групповые туры, пик — весна. LIGHT ценовой tier. Целевой для корпоративных и групповых предложений.",B2B-рассылка корпоративным клиентам: групповой весенний тур
2026-03-31,spring,362.6,372.9,10.3,2.8,4,Young Spring Groups,"[4, 1, 3]","Young Spring Groups, Weekend Getaway, Last-minute Winter",0.7408,"Young Spring Groups (C4): молодая аудитория 22 года, групповые туры, пик — весна. LIGHT ценовой tier. Целевой для корпоративных и групповых предложений.",B2B-рассылка корпоративным клиентам: групповой весенний тур
2026-04-01,spring,354.0,372.9,18.9,5.1,4,Young Spring Groups,"[4, 1, 3]","Young Spring Groups, Weekend Getaway, Last-minute Winter",0.7408,"Young Spring Groups (C4): молодая аудитория 22 года, групповые туры, пик — весна. LIGHT ценовой tier. Целевой для корпоративных и групповых предложений.",B2B-рассылка корпоративным клиентам: групповой весенний тур
2026-04-02,spring,351.0,372.9,21.9,5.9,4,Young Spring Groups,"[4, 1, 3]","Young Spring Groups, Weekend Getaway, Last-minute Winter",0.7408,"Young Spring Groups (C4): молодая аудитория 22 года, групповые туры, пик — весна. LIGHT ценовой tier. Целевой для корпоративных и групповых предложений.",B2B-рассылка корпоративным клиентам: групповой весенний тур
2026-04-03,spring,365.5,372.9,7.4,2.0,4,Young Spring Groups,"[4, 1, 3]","Young Spring Groups, Weekend Getaway, Last-minute Winter",0.7408,"Young Spring Groups (C4): молодая аудитория 22 года, групповые туры, пик — весна. LIGHT ценовой tier. Целевой для корпоративных и групповых предложений.",B2B-рассылка корпоративным клиентам: групповой весенний тур
2026-05-09,spring,372.4,372.9,0.5,0.1,4,Young Spring Groups,"[4, 1, 3]","Young Spring Groups, Weekend Getaway, Last-minute Winter",0.7408,"Young Spring Groups (C4): молодая аудитория 22 года, групповые туры, пик — весна. LIGHT ценовой tier. Целевой для корпоративных и групповых предложений.",B2B-рассылка корпоративным клиентам: групповой весенний тур
2026-05-10,spring,347.4,372.9,25.5,6.8,4,Young Spring Groups,"[4, 1, 3]","Young Spring Groups, Weekend Getaway, Last-minute Winter",0.7408,"Young Spring Groups (C4): молодая аудитория 22 года, групповые туры, пик — весна. LIGHT ценовой tier. Целевой для корпоративных и групповых предложений.",B2B-рассылка корпоративным клиентам: групповой весенний тур
2026-05-11,spring,372.2,372.9,0.7,0.2,4,Young Spring Groups,"[4, 1, 3]","Young Spring Groups, Weekend Getaway, Last-minute Winter",0.7408,"Young Spring Groups (C4): молодая аудитория 22 года, групповые туры, пик — весна. LIGHT ценовой tier. Целевой для корпоративных и групповых предложений.",B2B-рассылка корпоративным клиентам: групповой весенний тур
2026-06-01,summer,621.3,696.1,74.8,10.7,0,Summer Family ULTRA,"[0, 5, 2]","Summer Family ULTRA, Medical Treatment, Weekday Adults",0.85,"Семейный сегмент ULTRA (C0): пик активности — лето, средняя длительность 7+ ночей, высокий ценовой tier. Мотивирует семейный летний отдых с детьми.","Email-рассылка семьям: летний тур с детьми, скидка на 3-й день проживания"
2026-06-02,summer,637.3,696.1,58.8,8.4,0,Summer Family ULTRA,"[0, 5, 2]","Summer Family ULTRA, Medical Treatment, Weekday Adults",0.85,"Семейный сегмент ULTRA (C0): пик активности — лето, средняя длительность 7+ ночей, высокий ценовой tier. Мотивирует семейный летний отдых с детьми.","Email-рассылка семьям: летний тур с детьми, скидка на 3-й день проживания"
2026-06-03,summer,659.3,696.1,36.8,5.3,0,Summer Family ULTRA,"[0, 5, 2]","Summer Family ULTRA, Medical Treatment, Weekday Adults",0.85,"Семейный сегмент ULTRA (C0): пик активности — лето, средняя длительность 7+ ночей, высокий ценовой tier. Мотивирует семейный летний отдых с детьми.","Email-рассылка семьям: летний тур с детьми, скидка на 3-й день проживания"
2026-06-04,summer,680.6,696.1,15.5,2.2,0,Summer Family ULTRA,"[0, 5, 2]","Summer Family ULTRA, Medical Treatment, Weekday Adults",0.85,"Семейный сегмент ULTRA (C0): пик активности — лето, средняя длительность 7+ ночей, высокий ценовой tier. Мотивирует семейный летний отдых с детьми.","Email-рассылка семьям: летний тур с детьми, скидка на 3-й день проживания"
2026-10-15,autumn,544.2,545.8,1.6,0.3,5,Medical Treatment,"[5, 2, 1]","Medical Treatment, Weekday Adults, Weekend Getaway",0.9147,"Medical Treatment (C5): гости с лечебной мотивацией, самая длинная длительность (10+ ночей), высокий ценовой tier. Целевой для медицинских и оздоровительных программ.",Email медицинским партнёрам: осенний оздоровительный курс
2026-10-16,autumn,537.4,545.8,8.4,1.5,5,Medical Treatment,"[5, 2, 1]","Medical Treatment, Weekday Adults, Weekend Getaway",0.9147,"Medical Treatment (C5): гости с лечебной мотивацией, самая длинная длительность (10+ ночей), высокий ценовой tier. Целевой для медицинских и оздоровительных программ.",Email медицинским партнёрам: осенний оздоровительный курс
2026-10-17,autumn,524.9,545.8,20.9,3.8,5,Medical Treatment,"[5, 2, 1]","Medical Treatment, Weekday Adults, Weekend Getaway",0.9147,"Medical Treatment (C5): гости с лечебной мотивацией, самая длинная длительность (10+ ночей), высокий ценовой tier. Целевой для медицинских и оздоровительных программ.",Email медицинским партнёрам: осенний оздоровительный курс
2026-10-18,autumn,495.5,545.8,50.3,9.2,5,Medical Treatment,"[5, 2, 1]","Medical Treatment, Weekday Adults, Weekend Getaway",0.9147,"Medical Treatment (C5): гости с лечебной мотивацией, самая длинная длительность (10+ ночей), высокий ценовой tier. Целевой для медицинских и оздоровительных программ.",Email медицинским партнёрам: осенний оздоровительный курс
2026-10-19,autumn,506.0,545.8,39.8,7.3,5,Medical Treatment,"[5, 2, 1]","Medical Treatment, Weekday Adults, Weekend Getaway",0.9147,"Medical Treatment (C5): гости с лечебной мотивацией, самая длинная длительность (10+ ночей), высокий ценовой tier. Целевой для медицинских и оздоровительных программ.",Email медицинским партнёрам: осенний оздоровительный курс
2026-10-20,autumn,501.4,545.8,44.4,8.1,5,Medical Treatment,"[5, 2, 1]","Medical Treatment, Weekday Adults, Weekend Getaway",0.9147,"Medical Treatment (C5): гости с лечебной мотивацией, самая длинная длительность (10+ ночей), высокий ценовой tier. Целевой для медицинских и оздоровительных программ.",Email медицинским партнёрам: осенний оздоровительный курс
2026-10-21,autumn,496.6,545.8,49.2,9.0,5,Medical Treatment,"[5, 2, 1]","Medical Treatment, Weekday Adults, Weekend Getaway",0.9147,"Medical Treatment (C5): гости с лечебной мотивацией, самая длинная длительность (10+ ночей), высокий ценовой tier. Целевой для медицинских и оздоровительных программ.",Email медицинским партнёрам: осенний оздоровительный курс
2026-10-22,autumn,487.6,545.8,58.2,10.7,5,Medical Treatment,"[5, 2, 1]","Medical Treatment, Weekday Adults, Weekend Getaway",0.9147,"Medical Treatment (C5): гости с лечебной мотивацией, самая длинная длительность (10+ ночей), высокий ценовой tier. Целевой для медицинских и оздоровительных программ.",Email медицинским партнёрам: осенний оздоровительный курс
2026-10-23,autumn,484.6,545.8,61.2,11.2,5,Medical Treatment,"[5, 2, 1]","Medical Treatment, Weekday Adults, Weekend Getaway",0.9147,"Medical Treatment (C5): гости с лечебной мотивацией, самая длинная длительность (10+ ночей), высокий ценовой tier. Целевой для медицинских и оздоровительных программ.",Email медицинским партнёрам: осенний оздоровительный курс
2026-10-24,autumn,473.6,545.8,72.2,13.2,5,Medical Treatment,"[5, 2, 1]","Medical Treatment, Weekday Adults, Weekend Getaway",0.9147,"Medical Treatment (C5): гости с лечебной мотивацией, самая длинная длительность (10+ ночей), высокий ценовой tier. Целевой для медицинских и оздоровительных программ.",Email медицинским партнёрам: осенний оздоровительный курс
2026-10-25,autumn,446.1,545.8,99.7,18.3,5,Medical Treatment,"[5, 2, 1]","Medical Treatment, Weekday Adults, Weekend Getaway",0.9147,"Medical Treatment (C5): гости с лечебной мотивацией, самая длинная длительность (10+ ночей), высокий ценовой tier. Целевой для медицинских и оздоровительных программ.",Email медицинским партнёрам: осенний оздоровительный курс
2026-10-26,autumn,459.0,545.8,86.8,15.9,5,Medical Treatment,"[5, 2, 1]","Medical Treatment, Weekday Adults, Weekend Getaway",0.9147,"Medical Treatment (C5): гости с лечебной мотивацией, самая длинная длительность (10+ ночей), высокий ценовой tier. Целевой для медицинских и оздоровительных программ.",Email медицинским партнёрам: осенний оздоровительный курс
2026-10-27,autumn,454.2,545.8,91.6,16.8,5,Medical Treatment,"[5, 2, 1]","Medical Treatment, Weekday Adults, Weekend Getaway",0.9147,"Medical Treatment (C5): гости с лечебной мотивацией, самая длинная длительность (10+ ночей), высокий ценовой tier. Целевой для медицинских и оздоровительных программ.",Email медицинским партнёрам: осенний оздоровительный курс
2026-10-28,autumn,443.4,545.8,102.4,18.8,5,Medical Treatment,"[5, 2, 1]","Medical Treatment, Weekday Adults, Weekend Getaway",0.9147,"Medical Treatment (C5): гости с лечебной мотивацией, самая длинная длительность (10+ ночей), высокий ценовой tier. Целевой для медицинских и оздоровительных программ.",Email медицинским партнёрам: осенний оздоровительный курс
2026-10-29,autumn,422.4,545.8,123.4,22.6,5,Medical Treatment,"[5, 2, 1]","Medical Treatment, Weekday Adults, Weekend Getaway",0.9147,"Medical Treatment (C5): гости с лечебной мотивацией, самая длинная длительность (10+ ночей), высокий ценовой tier. Целевой для медицинских и оздоровительных программ.",Email медицинским партнёрам: осенний оздоровительный курс
2026-10-30,autumn,405.4,545.8,140.4,25.7,5,Medical Treatment,"[5, 2, 1]","Medical Treatment, Weekday Adults, Weekend Getaway",0.9147,"Medical Treatment (C5): гости с лечебной мотивацией, самая длинная длительность (10+ ночей), высокий ценовой tier. Целевой для медицинских и оздоровительных программ.",Email медицинским партнёрам: осенний оздоровительный курс
